Metric,Fear Mean,Greed Mean,Change (%),p-value,Significant
Trade Frequency (per day),105.3633,76.9123,-27.0,0.038845,✅
Avg Trade Size (USD),8529.8598,5954.6326,-30.19,0.451922,❌
Long/Short Ratio,66379746837.1831,43926746168.2855,-33.83,0.001623,✅
Total Volume (USD),756720.318,351829.352,-53.51,0.006545,✅
Total PnL ($),5185.1464,4144.2083,-20.08,0.061826,❌
Win Rate,0.3571,0.3627,1.59,0.704553,❌
PnL Range (Drawdown Proxy),1929.1026,1311.0391,-32.04,0.511803,❌
Net PnL ($),5037.8736,4067.4372,-19.26,0.016164,✅
